image_path,prediction
0002.BMP,M
0006.BMP,M
0008.BMP,M
0009.BMP,M
0011.BMP,M
0013.BMP,F
0021.BMP,M
0022.BMP,M
0029.BMP,F
0033.BMP,M
0035.BMP,M
0038.BMP,M
0042.BMP,F
0043.BMP,M
0048.BMP,F
0049.BMP,M
0055.BMP,M
0066.BMP,M
0070.BMP,M
0073.BMP,M
0075.BMP,M
0077.BMP,M
0078.BMP,M
0085.BMP,M
0093.BMP,M
0094.BMP,M
0100.BMP,M
0106.BMP,M
0107.BMP,M
0114.BMP,F
0120.BMP,M
0128.BMP,M
0129.BMP,M
0130.BMP,M
0131.BMP,M
0139.BMP,M
0141.BMP,M
0146.BMP,M
0148.BMP,M
0149.BMP,M
0156.BMP,F
0158.BMP,F
0163.BMP,M
0165.BMP,F
0173.BMP,M
0177.BMP,M
0182.BMP,M
0183.BMP,M
0189.BMP,M
0192.BMP,M
0195.BMP,M
0199.BMP,M
0201.BMP,M
0202.BMP,M
0205.BMP,M
0211.BMP,M
0215.BMP,M
0216.BMP,M
0217.BMP,M
0224.BMP,F
0226.BMP,M
0227.BMP,M
0231.BMP,F
0234.BMP,M
0236.BMP,M
0237.BMP,M
0239.BMP,M
0242.BMP,M
0244.BMP,M
0246.BMP,M
0248.BMP,F
0251.BMP,M
0253.BMP,M
0255.BMP,M
0262.BMP,M
0266.BMP,M
0271.BMP,M
0273.BMP,F
0274.BMP,M
0280.BMP,F
0288.BMP,M
0289.BMP,M
0290.BMP,M
0292.BMP,M
0294.BMP,M
0295.BMP,M
0301.BMP,M
0302.BMP,F
0309.BMP,F
0312.BMP,M
0314.BMP,F
0317.BMP,M
0322.BMP,M
0323.BMP,M
0329.BMP,F
0330.BMP,M
0336.BMP,F
0343.BMP,M
0344.BMP,F
0345.BMP,M
0346.BMP,M
0348.BMP,M
0352.BMP,M
0353.BMP,M
0359.BMP,M
0360.BMP,M
0363.BMP,M
0365.BMP,M
0368.BMP,M
0372.BMP,M
0374.BMP,M
0375.BMP,M
0377.BMP,M
0386.BMP,M
0389.BMP,M
0394.BMP,M
0396.BMP,M
0398.BMP,M
0400.BMP,M
0403.BMP,M
0407.BMP,M
0408.BMP,M
0422.BMP,M
0426.BMP,M
0438.BMP,M
0440.BMP,M
0441.BMP,M
0442.BMP,M
0443.BMP,M
0446.BMP,F
0450.BMP,M
0451.BMP,M
0453.BMP,F
0457.BMP,M
0459.BMP,M
0464.BMP,M
0468.BMP,M
0470.BMP,M
0472.BMP,M
0473.BMP,M
0476.BMP,M
0478.BMP,M
0479.BMP,M
0484.BMP,M
0487.BMP,M
0490.BMP,M
0491.BMP,M
0494.BMP,M
0496.BMP,M
0498.BMP,M
0502.BMP,M
0503.BMP,M
0505.BMP,M
0506.BMP,M
0511.BMP,M
0513.BMP,M
0515.BMP,M
0516.BMP,M
0519.BMP,M
0520.BMP,M
0521.BMP,M
0522.BMP,M
0523.BMP,M
0525.BMP,M
0526.BMP,M
0530.BMP,M
0531.BMP,M
0534.BMP,M
0535.BMP,M
0536.BMP,M
0539.BMP,M
0546.BMP,M
0549.BMP,M
0550.BMP,M
0556.BMP,F
0559.BMP,M
0560.BMP,M
0566.BMP,M
0567.BMP,M
0575.BMP,M
0577.BMP,M
0581.BMP,M
0586.BMP,M
0589.BMP,F
0601.BMP,M
0604.BMP,M
0606.BMP,M
0612.BMP,M
0613.BMP,M
0618.BMP,M
0622.BMP,M
0625.BMP,F
0626.BMP,M
0627.BMP,M
0628.BMP,M
0633.BMP,M
0635.BMP,M
0637.BMP,M
0638.BMP,M
0640.BMP,M
0646.BMP,M
0656.BMP,M
0660.BMP,M
0662.BMP,M
0664.BMP,M
0668.BMP,M
0672.BMP,M
0681.BMP,M
0685.BMP,F
0695.BMP,M
0702.BMP,M
0710.BMP,M
0714.BMP,M
0719.BMP,M
0723.BMP,M
0724.BMP,M
0725.BMP,M
0728.BMP,M
0731.BMP,M
0732.BMP,M
0740.BMP,M
0741.BMP,M
0742.BMP,M
0748.BMP,M
0751.BMP,M
0755.BMP,M
0757.BMP,M
0758.BMP,M
0759.BMP,M
0760.BMP,M
0761.BMP,M
0768.BMP,M
0770.BMP,F
0781.BMP,M
0782.BMP,M
0783.BMP,M
0785.BMP,M
0786.BMP,M
0788.BMP,M
0792.BMP,M
0794.BMP,M
0795.BMP,M
0796.BMP,M
0797.BMP,M
0803.BMP,M
0806.BMP,M
0807.BMP,M
0809.BMP,M
0815.BMP,M
0817.BMP,M
0821.BMP,M
0824.BMP,F
0826.BMP,M
0828.BMP,M
0830.BMP,M
0836.BMP,F
0837.BMP,M
0838.BMP,M
0839.BMP,M
0840.BMP,M
0843.BMP,M
0848.BMP,M
0855.BMP,M
0856.BMP,M
0860.BMP,M
0861.BMP,F
0862.BMP,M
0864.BMP,M
0866.BMP,M
0869.BMP,M
0871.BMP,M
0881.BMP,M
0883.BMP,M
0885.BMP,M
0888.BMP,M
0891.BMP,M
0894.BMP,M
0901.BMP,M
0904.BMP,M
0906.BMP,M
0910.BMP,M
0913.BMP,M
0914.BMP,M
0917.BMP,M
0918.BMP,M
0919.BMP,M
0920.BMP,M
0923.BMP,M
0925.BMP,F
0928.BMP,F
0931.BMP,M
0932.BMP,M
0935.BMP,M
0938.BMP,M
0939.BMP,M
0941.BMP,F
0954.BMP,M
0956.BMP,M
0957.BMP,M
0959.BMP,M
0960.BMP,M
0963.BMP,M
0964.BMP,M
0966.BMP,M
0972.BMP,F
0982.BMP,M
0983.BMP,M
0987.BMP,M
0991.BMP,M
0993.BMP,M
0998.BMP,M
1001.BMP,M
1005.BMP,F
1007.BMP,M
1010.BMP,M
1015.BMP,M
1022.BMP,F
1026.BMP,M
1027.BMP,M
1031.BMP,M
1032.BMP,M
1040.BMP,M
1042.BMP,M
1043.BMP,M
1044.BMP,M
1046.BMP,M
1048.BMP,M
1051.BMP,M
1054.BMP,M
1056.BMP,M
1057.BMP,F
1062.BMP,M
1065.BMP,M
1066.BMP,M
1069.BMP,M
1074.BMP,M
1082.BMP,M
1085.BMP,M
1087.BMP,M
1088.BMP,M
1093.BMP,M
1097.BMP,M
1098.BMP,M
1101.BMP,M
1109.BMP,F
1111.BMP,M
1114.BMP,M
1117.BMP,M
1119.BMP,M
1120.BMP,M
1122.BMP,M
1124.BMP,M
1125.BMP,M
1128.BMP,M
1130.BMP,M
1132.BMP,M
1137.BMP,M
1138.BMP,M
1139.BMP,M
1141.BMP,M
1142.BMP,M
1147.BMP,M
1150.BMP,F
1155.BMP,F
1160.BMP,M
1163.BMP,M
1165.BMP,M
1168.BMP,M
1170.BMP,M
1171.BMP,M
1176.BMP,M
1179.BMP,M
1180.BMP,M
1181.BMP,M
1183.BMP,M
1184.BMP,F
1185.BMP,M
1188.BMP,M
1191.BMP,M
1192.BMP,M
1194.BMP,M
1197.BMP,M
1200.BMP,M
1201.BMP,F
1202.BMP,M
1210.BMP,M
1211.BMP,M
1214.BMP,M
1223.BMP,M
1224.BMP,F
1225.BMP,M
1229.BMP,M
1230.BMP,M
1234.BMP,F
1235.BMP,M
1237.BMP,M
1242.BMP,M
1243.BMP,M
1247.BMP,M
1251.BMP,M
1252.BMP,M
1254.BMP,M
1255.BMP,F
1258.BMP,M
1260.BMP,M
1264.BMP,M
1269.BMP,M
1270.BMP,M
1276.BMP,M
1283.BMP,M
1284.BMP,F
1286.BMP,M
1295.BMP,M
1303.BMP,M
1304.BMP,M
1306.BMP,M
1307.BMP,F
1309.BMP,M
1316.BMP,M
1317.BMP,M
1319.BMP,M
1321.BMP,M
1322.BMP,F
1323.BMP,M
1332.BMP,M
1336.BMP,M
1340.BMP,M
1341.BMP,M
1342.BMP,M
1344.BMP,M
1348.BMP,M
1352.BMP,M
1353.BMP,M
1355.BMP,M
1356.BMP,F
1359.BMP,F
1360.BMP,M
1361.BMP,M
1362.BMP,M
1365.BMP,F
1368.BMP,M
1369.BMP,M
1373.BMP,F
1377.BMP,M
1385.BMP,M
1391.BMP,M
1392.BMP,M
1397.BMP,M
1401.BMP,M
1404.BMP,M
1405.BMP,M
1413.BMP,M
1415.BMP,F
1425.BMP,M
1429.BMP,M
1435.BMP,F
1436.BMP,M
1449.BMP,M
1453.BMP,M
1455.BMP,M
1456.BMP,M
1457.BMP,F
1460.BMP,M
1463.BMP,M
1466.BMP,M
1468.BMP,M
1472.BMP,M
1473.BMP,M
1478.BMP,F
1487.BMP,M
1489.BMP,M
1491.BMP,M
1496.BMP,M
1497.BMP,M
1504.BMP,M
1505.BMP,M
1506.BMP,M
1509.BMP,M
1510.BMP,M
1512.BMP,M
1513.BMP,M
1516.BMP,M
1520.BMP,F
1525.BMP,M
1526.BMP,M
1530.BMP,M
1532.BMP,F
1538.BMP,F
1543.BMP,M
1544.BMP,M
1548.BMP,M
1552.BMP,M
1554.BMP,M
1556.BMP,M
1558.BMP,M
1560.BMP,M
1563.BMP,F
1564.BMP,M
1566.BMP,M
1567.BMP,M
1569.BMP,M
1571.BMP,M
1572.BMP,M
1576.BMP,M
1577.BMP,F
1583.BMP,M
1587.BMP,M
1588.BMP,M
1589.BMP,M
1590.BMP,F
1595.BMP,M
1599.BMP,M
1600.BMP,M
1601.BMP,M
1603.BMP,M
1606.BMP,M
1608.BMP,M
1614.BMP,M
1616.BMP,M
1622.BMP,M
1623.BMP,M
1624.BMP,M
1628.BMP,M
1630.BMP,F
1645.BMP,M
1649.BMP,M
1650.BMP,M
1652.BMP,M
1653.BMP,M
1658.BMP,M
1660.BMP,M
1662.BMP,M
1665.BMP,M
1666.BMP,M
1667.BMP,M
1671.BMP,F
1673.BMP,M
1678.BMP,M
1681.BMP,M
1682.BMP,M
1689.BMP,M
1690.BMP,F
1692.BMP,M
1694.BMP,M
1698.BMP,F
1699.BMP,M
1705.BMP,M
1708.BMP,M
1713.BMP,M
1721.BMP,M
1722.BMP,M
1731.BMP,M
1735.BMP,M
1740.BMP,M
1747.BMP,M
1752.BMP,M
1755.BMP,M
1758.BMP,M
1762.BMP,M
1767.BMP,M
1769.BMP,M
1771.BMP,M
1782.BMP,M
1787.BMP,M
1788.BMP,M
1790.BMP,M
1792.BMP,M
1793.BMP,M
1798.BMP,M
1801.BMP,M
1803.BMP,M
1804.BMP,F
1807.BMP,M
1808.BMP,M
1810.BMP,M
1811.BMP,M
1812.BMP,M
1815.BMP,M
1819.BMP,F
1821.BMP,M
1825.BMP,M
1833.BMP,M
1835.BMP,M
1836.BMP,M
1839.BMP,M
1845.BMP,M
1846.BMP,F
1855.BMP,F
1862.BMP,M
1870.BMP,M
1874.BMP,M
1877.BMP,M
1884.BMP,M
1886.BMP,M
1898.BMP,F
1899.BMP,M
1900.BMP,M
1901.BMP,M
1903.BMP,M
1904.BMP,M
1910.BMP,M
1913.BMP,M
1914.BMP,M
1919.BMP,M
1922.BMP,M
1923.BMP,M
1924.BMP,M
1926.BMP,M
1927.BMP,M
1931.BMP,M
1932.BMP,M
1934.BMP,M
1937.BMP,F
1943.BMP,M
1944.BMP,M
1945.BMP,M
1948.BMP,M
1952.BMP,M
1954.BMP,F
1956.BMP,M
1958.BMP,M
1959.BMP,M
1962.BMP,M
1964.BMP,M
1972.BMP,M
1974.BMP,M
1975.BMP,M
1976.BMP,M
1978.BMP,M
1980.BMP,M
1982.BMP,M
1988.BMP,F
1994.BMP,M
1995.BMP,M
1998.BMP,M
2004.BMP,F
2007.BMP,M
2013.BMP,M
2014.BMP,M
2016.BMP,M
2017.BMP,M
2023.BMP,M
2024.BMP,M
2029.BMP,M
2034.BMP,M
2038.BMP,M
2039.BMP,M
2045.BMP,M
2046.BMP,M
2047.BMP,M
2052.BMP,M
2054.BMP,M
2056.BMP,M
2058.BMP,M
2059.BMP,M
2063.BMP,M
2067.BMP,M
2072.BMP,M
2074.BMP,M
2075.BMP,M
2082.BMP,M
2084.BMP,F
2085.BMP,M
2087.BMP,F
2090.BMP,M
2092.BMP,M
2093.BMP,M
2098.BMP,M
2099.BMP,M
2100.BMP,F
2102.BMP,F
2105.BMP,M
2106.BMP,M
2108.BMP,M
2109.BMP,M
2111.BMP,M
2112.BMP,M
2114.BMP,M
2117.BMP,M
2118.BMP,M
2121.BMP,M
2122.BMP,M
2123.BMP,M
2125.BMP,M
2126.BMP,M
2127.BMP,M
2128.BMP,M
2130.BMP,M
2131.BMP,F
2133.BMP,M
2138.BMP,M
2141.BMP,M
2146.BMP,M
2147.BMP,M
2151.BMP,M
2154.BMP,M
2157.BMP,F
2158.BMP,F
2159.BMP,M
2161.BMP,M
2168.BMP,M
2169.BMP,M
2170.BMP,M
2172.BMP,M
2174.BMP,M
2179.BMP,M
2183.BMP,M
2184.BMP,M
2185.BMP,M
2188.BMP,M
2191.BMP,M
2193.BMP,M
2196.BMP,M
2205.BMP,M
2207.BMP,M
2210.BMP,M
2213.BMP,M
2217.BMP,M
2218.BMP,M
2219.BMP,M
2220.BMP,M
2224.BMP,M
2231.BMP,M
2232.BMP,F
2234.BMP,F
2237.BMP,M
2238.BMP,M
2240.BMP,M
2241.BMP,M
2243.BMP,M
2245.BMP,M
2246.BMP,F
2247.BMP,M
2249.BMP,M
2257.BMP,M
2259.BMP,M
2268.BMP,F
2270.BMP,M
2272.BMP,M
2278.BMP,M
2279.BMP,M
2280.BMP,M
2289.BMP,F
2291.BMP,M
2303.BMP,M
2304.BMP,M
2306.BMP,M
2308.BMP,M
2309.BMP,F
2312.BMP,M
2314.BMP,F
2315.BMP,M
2322.BMP,M
2323.BMP,M
2326.BMP,M
2328.BMP,F
2329.BMP,M
2330.BMP,M
2331.BMP,M
2332.BMP,M
2335.BMP,M
2344.BMP,F
2345.BMP,M
2346.BMP,M
2347.BMP,M
2352.BMP,M
2354.BMP,M
2357.BMP,M
2361.BMP,M
2364.BMP,M
2366.BMP,M
2369.BMP,M
2370.BMP,M
2373.BMP,M
2382.BMP,M
2385.BMP,M
2391.BMP,M
2393.BMP,F
2395.BMP,M
2397.BMP,M
2398.BMP,M
2400.BMP,M
2403.BMP,M
2404.BMP,M
2407.BMP,M
2408.BMP,F
2411.BMP,M
2412.BMP,M
2413.BMP,F
2414.BMP,M
2417.BMP,M
2420.BMP,M
2422.BMP,M
2425.BMP,M
2426.BMP,M
2428.BMP,M
2429.BMP,M
2432.BMP,F
2435.BMP,M
2436.BMP,M
2440.BMP,M
2441.BMP,M
2443.BMP,M
2444.BMP,M
2445.BMP,M
2451.BMP,M
2453.BMP,F
2454.BMP,F
2458.BMP,M
2459.BMP,M
2462.BMP,M
2463.BMP,M
2464.BMP,M
2466.BMP,M
2467.BMP,M
2468.BMP,M
2472.BMP,M
2474.BMP,M
2475.BMP,M
2478.BMP,M
2482.BMP,M
2483.BMP,M
2487.BMP,M
2492.BMP,F
2493.BMP,M
2508.BMP,M
2510.BMP,M
2515.BMP,M
2517.BMP,M
2518.BMP,M
2519.BMP,M
2520.BMP,M
2523.BMP,M
2527.BMP,M
2532.BMP,M
2535.BMP,F
2536.BMP,M
2540.BMP,M
2544.BMP,M
2549.BMP,F
2562.BMP,M
2563.BMP,M
2564.BMP,M
2566.BMP,M
2567.BMP,M
2568.BMP,M
2570.BMP,M
2572.BMP,M
2573.BMP,M
2574.BMP,M
2575.BMP,M
2576.BMP,M
2578.BMP,M
2589.BMP,M
2590.BMP,M
2604.BMP,M
2607.BMP,M
2609.BMP,F
2610.BMP,M
2611.BMP,M
2613.BMP,F
2616.BMP,M
2618.BMP,M
2623.BMP,M
2626.BMP,F
2628.BMP,M
2629.BMP,F
2632.BMP,M
2636.BMP,F
2637.BMP,F
2639.BMP,F
2641.BMP,M
2642.BMP,M
2643.BMP,F
2650.BMP,F
2655.BMP,M
2656.BMP,M
2659.BMP,M
2663.BMP,M
2665.BMP,M
2666.BMP,M
2668.BMP,M
2672.BMP,M
2673.BMP,M
2674.BMP,M
2678.BMP,F
2680.BMP,M
2681.BMP,M
2683.BMP,M
2684.BMP,M
2685.BMP,M
2690.BMP,M
2694.BMP,M
2700.BMP,M
2702.BMP,M
2705.BMP,M
2706.BMP,M
2707.BMP,M
2710.BMP,M
2722.BMP,F
2723.BMP,M
2726.BMP,M
2730.BMP,M
2731.BMP,M
2736.BMP,M
2740.BMP,M
2741.BMP,F
2746.BMP,M
2754.BMP,M
2756.BMP,F
2757.BMP,M
2758.BMP,M
2759.BMP,M
2762.BMP,F
2766.BMP,M
2773.BMP,F
2774.BMP,M
2775.BMP,M
2779.BMP,M
2781.BMP,M
2783.BMP,M
2784.BMP,M
2788.BMP,F
2789.BMP,M
2794.BMP,M
2800.BMP,M
2804.BMP,M
2805.BMP,M
2812.BMP,M
2817.BMP,M
2823.BMP,M
2825.BMP,M
2826.BMP,M
2834.BMP,M
2837.BMP,M
2842.BMP,F
2847.BMP,M
2851.BMP,M
2852.BMP,M
2853.BMP,M
2859.BMP,M
2861.BMP,M
2866.BMP,M
2870.BMP,M
2873.BMP,M
2874.BMP,M
2885.BMP,M
2890.BMP,M
2891.BMP,F
2894.BMP,F
2895.BMP,M
2896.BMP,M
2900.BMP,M
2901.BMP,M
2904.BMP,M
2908.BMP,M
2913.BMP,M
2915.BMP,M
2917.BMP,M
2919.BMP,M
2923.BMP,M
2924.BMP,M
2927.BMP,M
2930.BMP,M
2931.BMP,M
2938.BMP,M
2939.BMP,M
2942.BMP,M
2946.BMP,F
2947.BMP,M
2958.BMP,M
2965.BMP,M
2967.BMP,M
2968.BMP,M
2969.BMP,M
2970.BMP,M
2971.BMP,M
2972.BMP,F
2980.BMP,M
2983.BMP,M
2986.BMP,M
2988.BMP,M
2997.BMP,M
2999.BMP,M
3002.BMP,M
3007.BMP,F
3008.BMP,M
3009.BMP,M
3010.BMP,M
3012.BMP,M
3013.BMP,M
3015.BMP,M
3017.BMP,F
3022.BMP,M
3024.BMP,F
3027.BMP,M
3028.BMP,M
3029.BMP,F
3035.BMP,M
3041.BMP,M
3043.BMP,M
3044.BMP,M
3045.BMP,M
3047.BMP,M
3054.BMP,M
3062.BMP,M
3066.BMP,M
3068.BMP,M
3074.BMP,M
3077.BMP,M
3079.BMP,M
3084.BMP,M
3087.BMP,M
3088.BMP,M
3090.BMP,M
3092.BMP,M
3098.BMP,M
3099.BMP,M
3100.BMP,F
3101.BMP,M
3103.BMP,F
3106.BMP,M
3107.BMP,M
3109.BMP,M
3110.BMP,M
3113.BMP,M
3114.BMP,M
3119.BMP,F
3120.BMP,M
3126.BMP,M
3128.BMP,M
3136.BMP,M
3137.BMP,M
3139.BMP,M
3140.BMP,M
3142.BMP,F
3148.BMP,M
3150.BMP,M
3157.BMP,F
3163.BMP,F
3175.BMP,M
3185.BMP,M
3186.BMP,M
3193.BMP,F
3196.BMP,M
3197.BMP,M
3198.BMP,M
3199.BMP,M
3200.BMP,M
3201.BMP,M
3202.BMP,M
3203.BMP,M
3206.BMP,M
3218.BMP,M
3221.BMP,F
3222.BMP,M
3223.BMP,M
3224.BMP,M
3228.BMP,F
3231.BMP,M
3235.BMP,M
3240.BMP,M
3241.BMP,F
3249.BMP,M
3256.BMP,M
3260.BMP,M
3261.BMP,M
3262.BMP,M
3265.BMP,M
3266.BMP,M
3275.BMP,M
3284.BMP,M
3286.BMP,F
3287.BMP,M
3288.BMP,M
3291.BMP,M
3292.BMP,F
3296.BMP,M
3305.BMP,M
3307.BMP,M
3308.BMP,M
3310.BMP,M
3311.BMP,M
3314.BMP,M
3315.BMP,M
3317.BMP,M
3318.BMP,M
3323.BMP,M
3324.BMP,M
3327.BMP,M
3331.BMP,M
3332.BMP,M
3337.BMP,M
3338.BMP,M
3339.BMP,M
3340.BMP,M
3348.BMP,M
3349.BMP,M
3350.BMP,M
3351.BMP,M
3354.BMP,M
3355.BMP,M
3356.BMP,F
3357.BMP,F
3362.BMP,M
3363.BMP,M
3370.BMP,M
3371.BMP,M
3372.BMP,M
3377.BMP,M
3378.BMP,M
3381.BMP,F
3382.BMP,M
3384.BMP,M
3385.BMP,M
3396.BMP,M
3399.BMP,M
3400.BMP,F
3403.BMP,M
3404.BMP,M
3409.BMP,F
3413.BMP,M
3417.BMP,M
3418.BMP,M
3419.BMP,F
3426.BMP,F
3431.BMP,M
3441.BMP,M
3444.BMP,F
3445.BMP,M
3449.BMP,M
3455.BMP,M
3460.BMP,M
3461.BMP,M
3465.BMP,M
3473.BMP,M
3474.BMP,M
3479.BMP,F
3485.BMP,M
3488.BMP,M
3490.BMP,M
3496.BMP,M
3497.BMP,M
3498.BMP,F
3499.BMP,M
3501.BMP,M
3505.BMP,M
3507.BMP,F
3508.BMP,M
3509.BMP,M
3511.BMP,M
3513.BMP,M
3515.BMP,M
3518.BMP,M
3519.BMP,M
3524.BMP,M
3529.BMP,M
3530.BMP,M
3537.BMP,M
3539.BMP,M
3542.BMP,M
3543.BMP,M
3545.BMP,M
3546.BMP,M
3548.BMP,F
3550.BMP,M
3552.BMP,M
3554.BMP,M
3555.BMP,M
3559.BMP,M
3561.BMP,M
3566.BMP,M
3567.BMP,F
3568.BMP,M
3572.BMP,M
3573.BMP,M
3577.BMP,M
3579.BMP,M
3582.BMP,M
3583.BMP,M
3587.BMP,M
3589.BMP,M
3597.BMP,M
3602.BMP,M
3604.BMP,M
3610.BMP,M
3611.BMP,M
3612.BMP,M
3614.BMP,M
3618.BMP,M
3629.BMP,M
3631.BMP,M
3632.BMP,M
3634.BMP,M
3635.BMP,F
3636.BMP,M
3637.BMP,M
3638.BMP,F
3641.BMP,M
3643.BMP,M
3644.BMP,M
3645.BMP,M
3646.BMP,M
3647.BMP,M
3653.BMP,M
3654.BMP,M
3656.BMP,M
3658.BMP,M
3660.BMP,M
3662.BMP,M
3663.BMP,M
3665.BMP,M
3666.BMP,M
3670.BMP,M
3675.BMP,M
3677.BMP,M
3685.BMP,M
3688.BMP,M
3692.BMP,M
3695.BMP,F
3698.BMP,M
3699.BMP,M
3701.BMP,M
3702.BMP,M
3703.BMP,M
3705.BMP,M
3706.BMP,M
3707.BMP,F
3708.BMP,M
3710.BMP,M
3712.BMP,F
3713.BMP,M
3716.BMP,M
3722.BMP,M
3725.BMP,M
3727.BMP,M
3731.BMP,M
3733.BMP,M
3737.BMP,M
3738.BMP,F
3740.BMP,M
3743.BMP,M
3748.BMP,M
3752.BMP,M
3754.BMP,M
3755.BMP,M
3758.BMP,M
3760.BMP,M
3761.BMP,M
3762.BMP,M
3764.BMP,M
3765.BMP,M
3766.BMP,M
3768.BMP,M
3773.BMP,M
3777.BMP,M
3778.BMP,M
3779.BMP,M
3781.BMP,M
3783.BMP,M
3784.BMP,M
3785.BMP,M
3791.BMP,M
3793.BMP,M
3796.BMP,M
3799.BMP,F
3801.BMP,M
3803.BMP,M
3805.BMP,M
3808.BMP,F
3813.BMP,M
3815.BMP,M
3817.BMP,M
3818.BMP,M
3819.BMP,M
3830.BMP,M
3833.BMP,M
3838.BMP,M
3843.BMP,M
3845.BMP,M
3848.BMP,M
3849.BMP,F
3851.BMP,M
3859.BMP,M
3861.BMP,M
3864.BMP,M
3868.BMP,M
3873.BMP,M
3875.BMP,M
3882.BMP,M
3884.BMP,M
3888.BMP,M
3889.BMP,M
3895.BMP,M
3896.BMP,M
3897.BMP,M
3899.BMP,M
3907.BMP,M
3910.BMP,M
3917.BMP,M
3918.BMP,M
3919.BMP,M
3920.BMP,M
3923.BMP,M
3926.BMP,F
3931.BMP,M
3932.BMP,M
3933.BMP,M
3947.BMP,M
3949.BMP,M
3950.BMP,M
3957.BMP,M
3958.BMP,M
3962.BMP,M
3964.BMP,M
3966.BMP,M
3967.BMP,M
3970.BMP,M
3972.BMP,M
3973.BMP,M
3975.BMP,M
3976.BMP,M
3977.BMP,M
3978.BMP,F
3979.BMP,F
3980.BMP,M
3981.BMP,M
3984.BMP,M
3986.BMP,M
3987.BMP,M
3990.BMP,M
3991.BMP,F
3992.BMP,M
4003.BMP,F
4008.BMP,M
4010.BMP,M
4013.BMP,M
4016.BMP,M
4022.BMP,M
4024.BMP,M
4026.BMP,M
4027.BMP,M
4033.BMP,M
4036.BMP,M
4042.BMP,M
4043.BMP,M
4046.BMP,M
4053.BMP,M
4056.BMP,F
4058.BMP,M
4063.BMP,M
4064.BMP,M
4067.BMP,M
4079.BMP,M
4084.BMP,M
4089.BMP,M
4090.BMP,M
4097.BMP,M
4100.BMP,F
4102.BMP,M
4103.BMP,M
4104.BMP,M
4105.BMP,M
4108.BMP,M
4112.BMP,M
4116.BMP,M
4121.BMP,M
4123.BMP,M
4124.BMP,M
4127.BMP,M
4133.BMP,M
4134.BMP,F
4135.BMP,M
4138.BMP,M
4141.BMP,M
4142.BMP,M
4147.BMP,M
4149.BMP,M
4151.BMP,M
4153.BMP,M
4158.BMP,M
4162.BMP,M
4166.BMP,M
4167.BMP,F
4168.BMP,M
4171.BMP,M
4175.BMP,M
4181.BMP,M
4182.BMP,M
4185.BMP,M
4189.BMP,M
4193.BMP,M
4198.BMP,M
4201.BMP,M
4205.BMP,M
4208.BMP,M
4210.BMP,M
4212.BMP,F
4213.BMP,M
4215.BMP,M
4218.BMP,M
4219.BMP,M
4220.BMP,M
4221.BMP,M
4225.BMP,M
4226.BMP,F
4230.BMP,M
4232.BMP,M
4233.BMP,F
4234.BMP,M
4235.BMP,M
4236.BMP,M
4239.BMP,M
4241.BMP,F
4244.BMP,M
4245.BMP,M
4247.BMP,F
4250.BMP,M
4251.BMP,M
4254.BMP,M
4255.BMP,M
4256.BMP,M
4264.BMP,M
4265.BMP,M
4266.BMP,M
4271.BMP,M
4275.BMP,M
4277.BMP,M
4279.BMP,M
4282.BMP,M
4289.BMP,M
4293.BMP,F
4296.BMP,M
4297.BMP,M
4302.BMP,M
4314.BMP,F
4320.BMP,M
4321.BMP,M
4323.BMP,M
4325.BMP,M
4326.BMP,M
4327.BMP,M
4328.BMP,F
4329.BMP,F
4333.BMP,M
4338.BMP,F
4340.BMP,F
4346.BMP,M
4348.BMP,M
4353.BMP,M
4356.BMP,M
4362.BMP,M
4365.BMP,M
4366.BMP,M
4367.BMP,M
4368.BMP,M
4369.BMP,M
4375.BMP,M
4376.BMP,M
4379.BMP,M
4381.BMP,M
4383.BMP,M
4384.BMP,M
4387.BMP,M
4393.BMP,M
4394.BMP,M
4396.BMP,M
4397.BMP,M
4399.BMP,M
4400.BMP,M
4407.BMP,M
4408.BMP,F
4415.BMP,M
4421.BMP,M
4422.BMP,M
4424.BMP,M
4431.BMP,M
4433.BMP,M
4440.BMP,M
4453.BMP,M
4457.BMP,M
4460.BMP,M
4461.BMP,M
4466.BMP,M
4471.BMP,M
4480.BMP,M
4483.BMP,M
4491.BMP,M
4501.BMP,M
4502.BMP,M
4503.BMP,M
4504.BMP,M
4507.BMP,M
4508.BMP,M
4509.BMP,M
4512.BMP,M
4519.BMP,M
4520.BMP,M
4521.BMP,M
4527.BMP,F
4530.BMP,M
4531.BMP,M
4533.BMP,M
4535.BMP,M
4541.BMP,M
4544.BMP,M
4556.BMP,M
4559.BMP,F
4563.BMP,M
4569.BMP,M
4570.BMP,M
4572.BMP,M
4574.BMP,M
4581.BMP,M
4582.BMP,F
4591.BMP,M
4592.BMP,M
4595.BMP,M
4604.BMP,M
4605.BMP,M
4606.BMP,M
4607.BMP,F
4611.BMP,M
4615.BMP,M
4619.BMP,M
4622.BMP,M
4625.BMP,M
4632.BMP,M
4636.BMP,M
4640.BMP,M
4641.BMP,M
4650.BMP,M
4651.BMP,M
4656.BMP,F
4658.BMP,M
4659.BMP,F
4664.BMP,M
4669.BMP,M
4676.BMP,M
4678.BMP,F
4683.BMP,M
4687.BMP,F
4689.BMP,M
4691.BMP,M
4692.BMP,M
4693.BMP,F
4697.BMP,M
4698.BMP,M
4699.BMP,M
4702.BMP,M
4705.BMP,M
4708.BMP,M
4713.BMP,M
4720.BMP,M
4725.BMP,M
4727.BMP,M
4728.BMP,F
4729.BMP,M
4732.BMP,M
4734.BMP,F
4739.BMP,M
4745.BMP,M
4748.BMP,M
4752.BMP,M
4753.BMP,M
4756.BMP,F
4757.BMP,M
4758.BMP,M
4760.BMP,M
4762.BMP,M
4763.BMP,M
4765.BMP,F
4767.BMP,M
4768.BMP,M
4769.BMP,M
4770.BMP,M
4774.BMP,M
4780.BMP,M
4791.BMP,M
4795.BMP,M
4796.BMP,M
4798.BMP,M
4799.BMP,M
4802.BMP,M
4806.BMP,M
4809.BMP,M
4811.BMP,M
4813.BMP,M
4814.BMP,M
4815.BMP,M
4817.BMP,M
4818.BMP,M
4819.BMP,M
4820.BMP,F
4821.BMP,M
4825.BMP,M
4827.BMP,M
4833.BMP,M
4834.BMP,M
4839.BMP,M
4840.BMP,F
4845.BMP,M
4847.BMP,M
4852.BMP,M
4856.BMP,M
4864.BMP,M
4868.BMP,M
4869.BMP,M
4870.BMP,M
4873.BMP,F
4874.BMP,M
4879.BMP,M
4881.BMP,M
4884.BMP,M
4885.BMP,M
4886.BMP,M
4888.BMP,M
4890.BMP,M
4893.BMP,M
4897.BMP,M
4899.BMP,M
4901.BMP,M
4902.BMP,M
4903.BMP,M
4905.BMP,F
4906.BMP,M
4909.BMP,M
4910.BMP,M
4911.BMP,M
4916.BMP,M
4918.BMP,F
4919.BMP,M
4922.BMP,M
4925.BMP,M
4926.BMP,M
4930.BMP,M
4935.BMP,F
4937.BMP,M
4939.BMP,M
4941.BMP,M
4946.BMP,M
4962.BMP,M
4967.BMP,M
4970.BMP,M
4971.BMP,M
4976.BMP,M
4979.BMP,M
4983.BMP,M
4987.BMP,M
4990.BMP,M
4993.BMP,M
4994.BMP,M
4996.BMP,M
4998.BMP,M
4999.BMP,M
5006.BMP,M
5010.BMP,M
5011.BMP,M
5014.BMP,M
5016.BMP,M
5017.BMP,M
5018.BMP,M
5019.BMP,M
5020.BMP,M
5023.BMP,M
5024.BMP,M
5026.BMP,M
5027.BMP,M
5028.BMP,M
5033.BMP,M
5035.BMP,M
5042.BMP,M
5043.BMP,M
5050.BMP,M
5053.BMP,M
5056.BMP,M
5057.BMP,F
5060.BMP,M
5067.BMP,M
5068.BMP,M
5071.BMP,F
5073.BMP,M
5075.BMP,F
5076.BMP,M
5081.BMP,M
5082.BMP,M
5084.BMP,M
5085.BMP,M
5086.BMP,F
5087.BMP,M
5088.BMP,M
5092.BMP,M
5094.BMP,F
5099.BMP,F
5101.BMP,M
5102.BMP,M
5105.BMP,M
5106.BMP,M
5107.BMP,M
5108.BMP,M
5109.BMP,M
5114.BMP,M
5120.BMP,F
5121.BMP,M
5122.BMP,M
5125.BMP,M
5127.BMP,M
5129.BMP,M
5130.BMP,M
5132.BMP,M
5134.BMP,F
5143.BMP,M
5144.BMP,M
5145.BMP,M
5147.BMP,M
5148.BMP,M
5150.BMP,F
5153.BMP,M
5157.BMP,M
5158.BMP,M
5161.BMP,M
5162.BMP,M
5165.BMP,M
5167.BMP,M
5170.BMP,M
5171.BMP,M
5172.BMP,M
5173.BMP,F
5174.BMP,F
5180.BMP,M
5183.BMP,M
5184.BMP,M
5191.BMP,M
5195.BMP,M
5196.BMP,M
5205.BMP,M
5206.BMP,M
5207.BMP,M
5211.BMP,F
5213.BMP,M
5214.BMP,M
5216.BMP,M
5224.BMP,M
5232.BMP,M
5239.BMP,M
5242.BMP,F
5243.BMP,M
5250.BMP,M
5253.BMP,M
5254.BMP,M
5260.BMP,M
5262.BMP,M
5263.BMP,M
5265.BMP,F
5268.BMP,M
5270.BMP,M
5272.BMP,M
5274.BMP,M
5279.BMP,M
5280.BMP,M
5285.BMP,F
5286.BMP,M
5287.BMP,M
5289.BMP,M
5292.BMP,M
5297.BMP,M
5300.BMP,M
5302.BMP,M
5308.BMP,M
5311.BMP,M
5312.BMP,M
5314.BMP,F
5317.BMP,M
5321.BMP,M
5328.BMP,M
5330.BMP,M
5331.BMP,M
5332.BMP,M
5333.BMP,F
5337.BMP,M
5338.BMP,F
5343.BMP,M
5348.BMP,M
5350.BMP,M
5352.BMP,M
5354.BMP,F
5356.BMP,M
5361.BMP,M
5362.BMP,M
5363.BMP,M
5364.BMP,M
5369.BMP,M
5372.BMP,M
5373.BMP,M
5374.BMP,M
5375.BMP,F
5379.BMP,M
5383.BMP,M
5387.BMP,M
5390.BMP,M
5397.BMP,M
5400.BMP,M
5410.BMP,M
5415.BMP,M
5417.BMP,M
5421.BMP,M
5424.BMP,M
5425.BMP,M
5427.BMP,M
5429.BMP,M
5431.BMP,M
5436.BMP,M
5439.BMP,M
5443.BMP,M
5451.BMP,M
5454.BMP,M
5455.BMP,M
5457.BMP,M
5460.BMP,M
5464.BMP,M
5466.BMP,M
5467.BMP,F
5468.BMP,M
5474.BMP,M
5476.BMP,M
5484.BMP,M
5485.BMP,M
5486.BMP,F
5496.BMP,M
5500.BMP,M
5504.BMP,M
5506.BMP,M
5507.BMP,M
5509.BMP,M
5513.BMP,F
5515.BMP,M
5517.BMP,F
5518.BMP,M
5523.BMP,M
5524.BMP,M
5527.BMP,M
5529.BMP,M
5531.BMP,F
5535.BMP,F
5536.BMP,F
5541.BMP,M
5546.BMP,M
5549.BMP,M
5551.BMP,M
5554.BMP,M
5558.BMP,M
5560.BMP,M
5564.BMP,M
5573.BMP,M
5574.BMP,M
5580.BMP,M
5584.BMP,M
5587.BMP,M
5590.BMP,M
5593.BMP,M
5597.BMP,F
5598.BMP,M
5599.BMP,M
5600.BMP,M
5601.BMP,M
5603.BMP,F
5604.BMP,M
5606.BMP,M
5610.BMP,M
5617.BMP,F
5618.BMP,M
5620.BMP,M
5621.BMP,M
5622.BMP,M
5624.BMP,M
5625.BMP,M
5626.BMP,M
5627.BMP,M
5629.BMP,F
5632.BMP,M
5633.BMP,M
5636.BMP,M
5638.BMP,M
5643.BMP,F
5645.BMP,M
5652.BMP,M
5655.BMP,M
5660.BMP,M
5661.BMP,M
5663.BMP,M
5665.BMP,M
5668.BMP,M
5669.BMP,M
5676.BMP,M
5685.BMP,M
5686.BMP,M
5688.BMP,M
5691.BMP,M
5693.BMP,M
5697.BMP,M
5698.BMP,M
5699.BMP,M
5701.BMP,M
5703.BMP,M
5704.BMP,M
5707.BMP,M
5709.BMP,F
5710.BMP,M
5711.BMP,M
5712.BMP,M
5714.BMP,M
5717.BMP,M
5718.BMP,M
5720.BMP,M
5723.BMP,M
5725.BMP,M
5732.BMP,M
5734.BMP,F
5736.BMP,M
5737.BMP,M
5738.BMP,M
5742.BMP,F
5749.BMP,F
5750.BMP,M
5754.BMP,M
5756.BMP,M
5757.BMP,M
5761.BMP,M
5764.BMP,M
5767.BMP,F
5768.BMP,F
5773.BMP,F
5774.BMP,M
5781.BMP,M
5782.BMP,M
5784.BMP,F
5786.BMP,M
5790.BMP,M
5792.BMP,M
5796.BMP,M
5799.BMP,F
5804.BMP,M
5808.BMP,F
5809.BMP,M
5811.BMP,M
5821.BMP,M
5829.BMP,M
5830.BMP,M
5834.BMP,M
5835.BMP,M
5838.BMP,M
5841.BMP,M
5842.BMP,M
5843.BMP,M
5844.BMP,M
5848.BMP,M
5849.BMP,M
5854.BMP,M
5855.BMP,M
5856.BMP,M
5857.BMP,M
5859.BMP,M
5860.BMP,M
5861.BMP,M
5863.BMP,M
5865.BMP,M
5872.BMP,M
5873.BMP,M
5876.BMP,M
5879.BMP,M
5882.BMP,M
5885.BMP,M
5887.BMP,M
5888.BMP,F
5891.BMP,M
5892.BMP,F
5894.BMP,M
5895.BMP,M
5898.BMP,M
5900.BMP,M
5902.BMP,M
5912.BMP,M
5924.BMP,M
5926.BMP,F
5927.BMP,M
5928.BMP,M
5937.BMP,M
5944.BMP,M
5946.BMP,M
5947.BMP,M
5950.BMP,M
5956.BMP,M
5960.BMP,F
5963.BMP,F
5970.BMP,M
5975.BMP,M
5980.BMP,M
5985.BMP,M
5989.BMP,M
